model,eval_type,eval_regime,n_folds,auroc_mean,auroc_sem,balanced_accuracy_fixed_0_5_mean,balanced_accuracy_fixed_0_5_sem,balanced_accuracy_val_tuned_mean,balanced_accuracy_val_tuned_sem
Text-Only Roberta (raw),test,average,4,0.5788671244948879,0.02146607758655902,0.517916821382172,0.01146719617677947,0.5499876417549947,0.0174969228524665
Text-Only Roberta (raw),test,seen_subject_unseen_item,4,0.5505758041027471,0.013393296789452275,0.49798036727414446,0.0030409433680060483,0.5272731981432501,0.01681973342812732
Text-Only Roberta (raw),test,unseen_subject_seen_item,4,0.6253230438544497,0.031728155142161985,0.5590930847768322,0.029921177080876764,0.6024716957610378,0.024499393548630424
Text-Only Roberta (raw),test,unseen_subject_unseen_item,4,0.5607025255274668,0.061906810485230175,0.49667701209553944,0.007914657471964051,0.5202180313606962,0.03169676810940646
Text-Only Roberta (raw),val,average,4,0.586669179202894,0.016805843727108014,0.5334040914323159,0.01665754398557483,,0.0
Text-Only Roberta (raw),val,seen_subject_unseen_item,4,0.5470071641810204,0.015436424550456655,0.5113873967046306,0.01406940803520944,,0.0
Text-Only Roberta (raw),val,unseen_subject_seen_item,4,0.6612857718300449,0.04072562218610773,0.6001114486892897,0.04592602561406778,,0.0
Text-Only Roberta (raw),val,unseen_subject_unseen_item,4,0.5517146015976168,0.02362627988855243,0.48871342890302777,0.01410836410847324,,0.0
