eval_regime,n_trials,mean_abs_delta_top_drop,mean_abs_delta_random_drop,mean_abs_delta_difference,difference_ci_low,difference_ci_high,p_one_sided,p_two_sided,top_over_random_ratio,fraction_top_gt_random,mean_removed_top_evidence_mass,mean_n_dropped_tokens
average,7500,0.037135162735240444,0.0357343632446656,0.00140079949057484,0.0009258441781959535,0.001868328861976406,0.0,0.0,1.0392003484428662,0.5414666666666667,0.21807637556266665,24.222
seen_subject_unseen_item,3126,0.03323326027574898,0.032094047778401476,0.0011392124973475047,0.00044640389668678033,0.0018256738588920017,0.0004,0.0008,1.035496067844523,0.5316698656429942,0.218263493784389,24.241522712731925
unseen_subject_seen_item,3124,0.04108408257568214,0.039601944809253845,0.001482137766428297,0.0007692429411451425,0.0022321346141989033,0.0,0.0,1.037425883338991,0.5435339308578745,0.2180126724583867,24.22663252240717
unseen_subject_unseen_item,1250,0.037023899940704805,0.035172204316479994,0.0018516956242247999,0.0006812144862088399,0.0029988823656770776,0.0002,0.0004,1.0526465616872696,0.5608,0.217767637112,24.1616
