eval_regime,n_trials,mean_abs_delta_top_drop,mean_abs_delta_random_drop,mean_abs_delta_difference,difference_ci_low,difference_ci_high,p_one_sided,p_two_sided,top_over_random_ratio,fraction_top_gt_random,mean_removed_top_evidence_mass,mean_n_dropped_tokens
average,4375,0.0038999215373991545,0.00015680952070197028,0.003743112016697184,0.003364950035254464,0.004192575856387029,0.0,0.0,24.870438478102898,0.9956571428571429,0.34595715872457145,24.221485714285713
seen_subject_unseen_item,1875,0.004115508677362506,0.00016260064422142135,0.003952908033141086,0.0032309670624015904,0.004892860247132838,0.0,0.0,25.310531191735095,0.9941333333333333,0.32618104306666673,24.231466666666666
unseen_subject_seen_item,1875,0.0038298186296336534,0.00015266078323264532,0.0036771578464010082,0.0032975190143078354,0.004127928230763429,0.0,0.0,25.08711503069687,0.9962666666666666,0.3604805631093333,24.231466666666666
unseen_subject_unseen_item,625,0.0034634688408056,0.000151882362551592,0.003311586478254008,0.002935103730514603,0.00370990103008488,0.0,0.0,22.803627640629536,0.9984,0.36171529254400003,24.1616
